,,,,,,,,,,,,,,,,,
,,,,,,,,,,,,Ejecuciones 6 Meses,,Ejecuciones 12 Meses,,Ejecuciones 24 Meses,
,,,,,,,,,,,Total de Personal,0.007758,,0.00517,,0.00517,
Call: ,,,,,,,,,,,,( 0.00517 ),,( 0.00517 ),,( 0.00517 ),
   felm(formula = personal_total_month ~ ejecuciones_,6,Meses | absMes +      municipio_Estado + empresaID, data = data) ,,,,,,,,,DF: 93628,R2: 0.9862,DF: 93628,R2: 0.9862,DF: 93628,R2: 0.9862
Coefficients:,,,,,,,,,,,Obreros Totales,0.00951 *,,,,,
                   Estimate Std. Error t value Pr(>|t|),,,,,,,,,,,,(0.004334),,(  ),,(  ),
ejecuciones_,6,Meses ,0.007758,   ,0.00517,   ,1.501,    ,0.133,,,DF: 93628,R2: 0.9776,DF: 93628,R2: ,DF: 93628,R2: 
DF:  ,93628, degrees of freedom,,,,,,,,,Empleados Totales,,,,,,
Adjusted R-squared: ,0.9862, ,,,,,,,,,,(  ),,(  ),,(  ),
Adjusted R-squared: ,0.02715, ,,,,,,,,,,DF: 93628,R2: 6,DF: 93628,R2: 6,DF: 93628,R2: 6
,,,,,,,,,,,Total de horas trabajadas,,,,,,
,,,,,,,,,,,,(),,(  ),,(  ),
,,,,,,,,,,,,DF: 93628,R2: 6,DF: 93628,R2: 6,DF: 93628,R2: 6
Call: ,,,,,,,,,,,Total de horas trabajadas por Obreros,,,,,,
   felm(formula = obreros_totales_month ~ ejecuciones_,6,Meses | absMes +      municipio_Estado + empresaID, data = data) ,,,,,,,,,(  ),,(  ),,(  ),
Coefficients:,,,,,,,,,,,,DF: 93628,R2: 0.02712,DF: 93628,R2: 0.02712,DF: 93628,R2: 0.02712
                   Estimate Std. Error t value Pr(>|t|)  ,,,,,,,,,,,Total de horas trabajadas por Empleados,,,,,,
ejecuciones_,6,Meses ,0.00951,   ,0.004334,   ,2.194,   ,0.0282, *,,(),,(  ),,(  ),
DF:  ,93628, degrees of freedom,,,,,,,,,,DF: 93628,R2: 0.02716,DF: 93628,R2: ,DF: 93628,R2: 
Adjusted R-squared: ,0.9776, ,,,,,,,,,Total de remuneraciones,,,,,,
Adjusted R-squared: ,0.02712, ,,,,,,,,,,(  ),,(  ),,(  ),
,,,,,,,,,,,,DF: 93628,R2: ,DF: 93628,R2: ,DF: 93628,R2: 
,,,,,,,,,,,Total de salario percibido por obreros,,,,,,
,,,,,,,,,,,,(),,(  ),,(  ),
Call: ,,,,,,,,,,,,DF: 93628,R2: ,DF: 93628,R2: 93628,DF: 93628,R2: 93628
   felm(formula = empleados_totales_month ~ ejecuciones_,6,Meses |      absMes + municipio_Estado + empresaID, data = data) ,,,,,,,,Total de salario percibido por empleados ,,,,,,
Coefficients:,,,,,,,,,,,,(  ),,(  ),,(  ),
                    Estimate Std. Error t value Pr(>|t|),,,,,,,,,,,,DF: 93628,R2: ,DF: 93628,R2: ,DF: 93628,R2: 
ejecuciones_,6,Meses ,0.001752,   ,0.002162,   ,0.81,    ,0.418,,Cantidad de la Produccion,,,,,,
DF:  ,93628, degrees of freedom,,,,,,,,,,(),,(  ),,(  ),
Adjusted R-squared: ,0.9896, ,,,,,,,,,,DF: 93628,R2: ,DF: 93628,R2: ,DF: 93628,R2: 
Adjusted R-squared: ,0.02716, ,,,,,,,,,Valor de la producción, data = data) ,,,,,
,,,,,,,,,,,,(  ),,(  ),,(  ),
,,,,,,,,,,,,DF: 93628,R2: ,DF: 93628,R2: ,DF: 93628,R2: 
,,,,,,,,,,,Cantidad de las Ventas, data = data) ,,0.001399,,0.001399,
Call: ,,,,,,,,,,,,(),,( 0.001399 ),,( 0.001399 ),
   felm(formula = horas_personal_total_month ~ ejecuciones_,6,Meses |      absMes + municipio_Estado + empresaID, data = data) ,,,,,,,,,DF: 93628,R2: ,DF: 93628,R2: 0.9747,DF: 93628,R2: 0.9747
Coefficients:,,,,,,,,,,,Valor de las ventas netas,0.002309 *,,,,,
                   Estimate Std. Error t value Pr(>|t|),,,,,,,,,,,,(0.001106),,(  ),,(  ),
ejecuciones_,6,Meses ,0.001958,   ,0.001399,     ,1.4,    ,0.162,,,DF: 93628,R2: 0.9604,DF: 93628,R2: ,DF: 93628,R2: 
DF:  ,93628, degrees of freedom,,,,,,,,,"Signif. codes:  0 ‘***’ 0.001 ‘**’ 0.01 ‘*’ 0.05 ‘+’ 0.1 ‘ ’ 1
",,,,,,
Adjusted R-squared: ,0.9747, ,,,,,,,,,,,,,,,
Adjusted R-squared: ,0.02715, ,,,,,,,,,,,,,,,
,,,,,,,,,,,,,,,,,
,,,,,,,,,,,,,,,,,
,,,,,,,,,,,,,,,,,
Call: ,,,,,,,,,,,,,,,,,
   felm(formula = horas_obreros_month ~ ejecuciones_,6,Meses | absMes +      municipio_Estado + empresaID, data = data) ,,,,,,,,,,,,,,
Coefficients:,,,,,,,,,,,,,,,,,
                   Estimate Std. Error t value Pr(>|t|)  ,,,,,,,,,,,,,,,,,
ejecuciones_,6,Meses ,0.002309,   ,0.001106,   ,2.087,   ,0.0369, *,,,,,,,
DF:  ,93628, degrees of freedom,,,,,,,,,,,,,,,
Adjusted R-squared: ,0.9604, ,,,,,,,,,,,,,,,
Adjusted R-squared: ,0.02712, ,,,,,,,,,,,,,,,
,,,,,,,,,,,,,,,,,
,,,,,,,,,,,,,,,,,
,,,,,,,,,,,,,,,,,
Call: ,,,,,,,,,,,,,,,,,
   felm(formula = horas_empleados_month ~ ejecuciones_,6,Meses | absMes +      municipio_Estado + empresaID, data = data) ,,,,,,,,,,,,,,
Coefficients:,,,,,,,,,,,,,,,,,
                     Estimate Std. Error t value Pr(>|t|),,,,,,,,,,,,,,,,,
ejecuciones_,6,Meses ,0.0003502,  ,0.0005935,   ,0.59,    ,0.555,,,,,,,,
DF:  ,93628, degrees of freedom,,,,,,,,,,,,,,,
Adjusted R-squared: ,0.9836, ,,,,,,,,,,,,,,,
Adjusted R-squared: ,0.02717, ,,,,,,,,,,,,,,,
,,,,,,,,,,,,,,,,,
,,,,,,,,,,,,,,,,,
,,,,,,,,,,,,,,,,,
Call: ,,,,,,,,,,,,,,,,,
   felm(formula = remuneraciones_month ~ ejecuciones_,6,Meses | absMes +      municipio_Estado + empresaID, data = data) ,,,,,,,,,,,,,,
Coefficients:,,,,,,,,,,,,,,,,,
                   Estimate Std. Error t value Pr(>|t|),,,,,,,,,,,,,,,,,
ejecuciones_,6,Meses  ,0.1634,     ,0.2657,  ,0.615,    ,0.539,,,,,,,,
DF:  ,93628, degrees of freedom,,,,,,,,,,,,,,,
Adjusted R-squared: ,0.9306, ,,,,,,,,,,,,,,,
Adjusted R-squared: ,0.02717, ,,,,,,,,,,,,,,,
,,,,,,,,,,,,,,,,,
,,,,,,,,,,,,,,,,,
,,,,,,,,,,,,,,,,,
Call: ,,,,,,,,,,,,,,,,,
   felm(formula = salario_obreros_month ~ ejecuciones_,6,Meses | absMes +      municipio_Estado + empresaID, data = data) ,,,,,,,,,,,,,,
Coefficients:,,,,,,,,,,,,,,,,,
                   Estimate Std. Error t value Pr(>|t|),,,,,,,,,,,,,,,,,
ejecuciones_,6,Meses  ,0.09691,    ,0.12241,   ,0.792,    ,0.429,,,,,,,,
DF:  ,93628, degrees of freedom,,,,,,,,,,,,,,,
Adjusted R-squared: ,0.8564, ,,,,,,,,,,,,,,,
Adjusted R-squared: ,0.02716, ,,,,,,,,,,,,,,,
,,,,,,,,,,,,,,,,,
,,,,,,,,,,,,,,,,,
,,,,,,,,,,,,,,,,,
Call: ,,,,,,,,,,,,,,,,,
   felm(formula = salario_empleados_month ~ ejecuciones_,6,Meses |      absMes + municipio_Estado + empresaID, data = data) ,,,,,,,,,,,,,,
Coefficients:,,,,,,,,,,,,,,,,,
                   Estimate Std. Error t value Pr(>|t|)  ,,,,,,,,,,,,,,,,,
ejecuciones_,6,Meses  ,0.256,     ,0.1401,  ,1.827,   ,0.0677, .,,,,,,,
DF:  ,93628, degrees of freedom,,,,,,,,,,,,,,,
Adjusted R-squared: ,0.8798, ,,,,,,,,,,,,,,,
Adjusted R-squared: ,0.02713, ,,,,,,,,,,,,,,,
,,,,,,,,,,,,,,,,,
,,,,,,,,,,,,,,,,,
,,,,,,,,,,,,,,,,,
Call: ,,,,,,,,,,,,,,,,,
   felm(formula = cantidad_produccion_month ~ ejecuciones_,6,Meses |      absMes + municipio_Estado + empresaID, data = data) ,,,,,,,,,,,,,,
Coefficients:,,,,,,,,,,,,,,,,,
                   Estimate Std. Error t value Pr(>|t|),,,,,,,,,,,,,,,,,
ejecuciones_,6,Meses    ,8.144,     ,20.831,   ,0.391,    ,0.696,,,,,,,,
DF:  ,93569, degrees of freedom,,,,,,,,,,,,,,,
Adjusted R-squared: ,0.9182, ,,,,,,,,,,,,,,,
Adjusted R-squared: ,0.02719, ,,,,,,,,,,,,,,,
,,,,,,,,,,,,,,,,,
,,,,,,,,,,,,,,,,,
,,,,,,,,,,,,,,,,,
Call: ,,,,,,,,,,,,,,,,,
   felm(formula = valor_produccion_month ~ ejecuciones_,6,Meses |      absMes + municipio_Estado + empresaID, data = data) ,,,,,,,,,,,,,,
Coefficients:,,,,,,,,,,,,,,,,,
                   Estimate Std. Error t value Pr(>|t|),,,,,,,,,,,,,,,,,
ejecuciones_,6,Meses   ,6.583,      ,5.492,  ,1.199,    ,0.231,,,,,,,,
DF:  ,93569, degrees of freedom,,,,,,,,,,,,,,,
Adjusted R-squared: ,0.9565, ,,,,,,,,,,,,,,,
Adjusted R-squared: ,0.02717, ,,,,,,,,,,,,,,,
,,,,,,,,,,,,,,,,,
,,,,,,,,,,,,,,,,,
,,,,,,,,,,,,,,,,,
Call: ,,,,,,,,,,,,,,,,,
   felm(formula = cantidad_ventas_month ~ ejecuciones_,6,Meses | absMes +      municipio_Estado + empresaID, data = data) ,,,,,,,,,,,,,,
Coefficients:,,,,,,,,,,,,,,,,,
                   Estimate Std. Error t value Pr(>|t|),,,,,,,,,,,,,,,,,
ejecuciones_,6,Meses    ,9.727,     ,20.708,    ,0.47,    ,0.639,,,,,,,,
DF:  ,93569, degrees of freedom,,,,,,,,,,,,,,,
Adjusted R-squared: ,0.9189, ,,,,,,,,,,,,,,,
Adjusted R-squared: ,0.02719, ,,,,,,,,,,,,,,,
,,,,,,,,,,,,,,,,,
,,,,,,,,,,,,,,,,,
,,,,,,,,,,,,,,,,,
Call: ,,,,,,,,,,,,,,,,,
   felm(formula = valor_ventas_netas_month ~ ejecuciones_,6,Meses |      absMes + municipio_Estado + empresaID, data = data) ,,,,,,,,,,,,,,
Coefficients:,,,,,,,,,,,,,,,,,
                   Estimate Std. Error t value Pr(>|t|),,,,,,,,,,,,,,,,,
ejecuciones_,6,Meses   ,7.125,      ,5.522,   ,1.29,    ,0.197,,,,,,,,
DF:  ,93569, degrees of freedom,,,,,,,,,,,,,,,
Adjusted R-squared: ,0.9559, ,,,,,,,,,,,,,,,
Adjusted R-squared: ,0.02717, ,,,,,,,,,,,,,,,
,,,,,,,,,,,,,,,,,
,,,,,,,,,,,,,,,,,
,,,,,,,,,,,,,,,,,
Call: ,,,,,,,,,,,,,,,,,
   felm(formula = personal_total_month ~ ejecuciones_,12,Meses | absMes +      municipio_Estado + empresaID, data = data) ,,,,,,,,,,,,,,
Coefficients:,,,,,,,,,,,,,,,,,
                    Estimate Std. Error t value Pr(>|t|),,,,,,,,,,,,,,,,,
ejecuciones_,12,Meses ,0.00303,   ,0.002968,   ,1.021,    ,0.307,,,,,,,,
DF:  ,82490, degrees of freedom,,,,,,,,,,,,,,,
Adjusted R-squared: ,0.9879, ,,,,,,,,,,,,,,,
Adjusted R-squared: ,0.03077, ,,,,,,,,,,,,,,,
,,,,,,,,,,,,,,,,,
,,,,,,,,,,,,,,,,,
,,,,,,,,,,,,,,,,,
Call: ,,,,,,,,,,,,,,,,,
   felm(formula = obreros_totales_month ~ ejecuciones_,12,Meses |      absMes + municipio_Estado + empresaID, data = data) ,,,,,,,,,,,,,,
Coefficients:,,,,,,,,,,,,,,,,,
                    Estimate Std. Error t value Pr(>|t|)  ,,,,,,,,,,,,,,,,,
ejecuciones_,12,Meses ,0.004152,   ,0.002491,   ,1.666,   ,0.0956, .,,,,,,,
DF:  ,82490, degrees of freedom,,,,,,,,,,,,,,,
Adjusted R-squared: ,0.9801, ,,,,,,,,,,,,,,,
Adjusted R-squared: ,0.03074, ,,,,,,,,,,,,,,,
,,,,,,,,,,,,,,,,,
,,,,,,,,,,,,,,,,,
,,,,,,,,,,,,,,,,,
Call: ,,,,,,,,,,,,,,,,,
   felm(formula = empleados_totales_month ~ ejecuciones_,12,Meses |      absMes + municipio_Estado + empresaID, data = data) ,,,,,,,,,,,,,,
Coefficients:,,,,,,,,,,,,,,,,,
                     Estimate Std. Error t value Pr(>|t|),,,,,,,,,,,,,,,,,
ejecuciones_,12,Meses ,0.001122,   ,0.00125,  ,0.897,     ,0.37,,,,,,,,
DF:  ,82490, degrees of freedom,,,,,,,,,,,,,,,
Adjusted R-squared: ,0.9908, ,,,,,,,,,,,,,,,
Adjusted R-squared: ,0.03077, ,,,,,,,,,,,,,,,
,,,,,,,,,,,,,,,,,
,,,,,,,,,,,,,,,,,
,,,,,,,,,,,,,,,,,
Call: ,,,,,,,,,,,,,,,,,
   felm(formula = horas_personal_total_month ~ ejecuciones_,12,Meses |      absMes + municipio_Estado + empresaID, data = data) ,,,,,,,,,,,,,,
Coefficients:,,,,,,,,,,,,,,,,,
                     Estimate Std. Error t value Pr(>|t|),,,,,,,,,,,,,,,,,
ejecuciones_,12,Meses ,0.0001581,  ,0.0008141,   ,0.194,    ,0.846,,,,,,,,
DF:  ,82490, degrees of freedom,,,,,,,,,,,,,,,
Adjusted R-squared: ,0.9769, ,,,,,,,,,,,,,,,
Adjusted R-squared: ,0.03078, ,,,,,,,,,,,,,,,
,,,,,,,,,,,,,,,,,
,,,,,,,,,,,,,,,,,
,,,,,,,,,,,,,,,,,
Call: ,,,,,,,,,,,,,,,,,
   felm(formula = horas_obreros_month ~ ejecuciones_,12,Meses | absMes +      municipio_Estado + empresaID, data = data) ,,,,,,,,,,,,,,
Coefficients:,,,,,,,,,,,,,,,,,
                    Estimate Std. Error t value Pr(>|t|),,,,,,,,,,,,,,,,,
ejecuciones_,12,Meses ,0.000578,   ,0.000643,   ,0.899,    ,0.369,,,,,,,,
DF:  ,82490, degrees of freedom,,,,,,,,,,,,,,,
Adjusted R-squared: ,0.9637, ,,,,,,,,,,,,,,,
Adjusted R-squared: ,0.03077, ,,,,,,,,,,,,,,,
,,,,,,,,,,,,,,,,,
,,,,,,,,,,,,,,,,,
,,,,,,,,,,,,,,,,,
Call: ,,,,,,,,,,,,,,,,,
   felm(formula = horas_empleados_month ~ ejecuciones_,12,Meses |      absMes + municipio_Estado + empresaID, data = data) ,,,,,,,,,,,,,,
Coefficients:,,,,,,,,,,,,,,,,,
                      Estimate Std. Error t value Pr(>|t|),,,,,,,,,,,,,,,,,
ejecuciones_,12,Meses ,0.0004199,  ,0.0003475,  ,1.209,    ,0.227,,,,,,,,
DF:  ,82490, degrees of freedom,,,,,,,,,,,,,,,
Adjusted R-squared: ,0.985, ,,,,,,,,,,,,,,,
Adjusted R-squared: ,0.03076, ,,,,,,,,,,,,,,,
,,,,,,,,,,,,,,,,,
,,,,,,,,,,,,,,,,,
,,,,,,,,,,,,,,,,,
Call: ,,,,,,,,,,,,,,,,,
   felm(formula = remuneraciones_month ~ ejecuciones_,12,Meses | absMes +      municipio_Estado + empresaID, data = data) ,,,,,,,,,,,,,,
Coefficients:,,,,,,,,,,,,,,,,,
                    Estimate Std. Error t value Pr(>|t|),,,,,,,,,,,,,,,,,
ejecuciones_,12,Meses  ,0.118,     ,0.1658,  ,0.711,    ,0.477,,,,,,,,
DF:  ,82490, degrees of freedom,,,,,,,,,,,,,,,
Adjusted R-squared: ,0.9309, ,,,,,,,,,,,,,,,
Adjusted R-squared: ,0.03077, ,,,,,,,,,,,,,,,
,,,,,,,,,,,,,,,,,
,,,,,,,,,,,,,,,,,
,,,,,,,,,,,,,,,,,
Call: ,,,,,,,,,,,,,,,,,
   felm(formula = salario_obreros_month ~ ejecuciones_,12,Meses |      absMes + municipio_Estado + empresaID, data = data) ,,,,,,,,,,,,,,
Coefficients:,,,,,,,,,,,,,,,,,
                    Estimate Std. Error t value Pr(>|t|),,,,,,,,,,,,,,,,,
ejecuciones_,12,Meses  ,0.0487,    ,0.07695,   ,0.633,    ,0.527,,,,,,,,
DF:  ,82490, degrees of freedom,,,,,,,,,,,,,,,
Adjusted R-squared: ,0.8568, ,,,,,,,,,,,,,,,
Adjusted R-squared: ,0.03077, ,,,,,,,,,,,,,,,
,,,,,,,,,,,,,,,,,
,,,,,,,,,,,,,,,,,
,,,,,,,,,,,,,,,,,
Call: ,,,,,,,,,,,,,,,,,
   felm(formula = salario_empleados_month ~ ejecuciones_,12,Meses |      absMes + municipio_Estado + empresaID, data = data) ,,,,,,,,,,,,,,
Coefficients:,,,,,,,,,,,,,,,,,
                    Estimate Std. Error t value Pr(>|t|)  ,,,,,,,,,,,,,,,,,
ejecuciones_,12,Meses ,0.14639,    ,0.08855,  ,1.653,   ,0.0983, .,,,,,,,
DF:  ,82490, degrees of freedom,,,,,,,,,,,,,,,
Adjusted R-squared: ,0.8781, ,,,,,,,,,,,,,,,
Adjusted R-squared: ,0.03075, ,,,,,,,,,,,,,,,
,,,,,,,,,,,,,,,,,
,,,,,,,,,,,,,,,,,
,,,,,,,,,,,,,,,,,
Call: ,,,,,,,,,,,,,,,,,
   felm(formula = cantidad_produccion_month ~ ejecuciones_,12,Meses |      absMes + municipio_Estado + empresaID, data = data) ,,,,,,,,,,,,,,
Coefficients:,,,,,,,,,,,,,,,,,
                    Estimate Std. Error t value Pr(>|t|),,,,,,,,,,,,,,,,,
ejecuciones_,12,Meses    ,3.482,     ,11.807,   ,0.295,    ,0.768,,,,,,,,
DF:  ,82456, degrees of freedom,,,,,,,,,,,,,,,
Adjusted R-squared: ,0.9237, ,,,,,,,,,,,,,,,
Adjusted R-squared: ,0.03079, ,,,,,,,,,,,,,,,
,,,,,,,,,,,,,,,,,
,,,,,,,,,,,,,,,,,
,,,,,,,,,,,,,,,,,
Call: ,,,,,,,,,,,,,,,,,
   felm(formula = valor_produccion_month ~ ejecuciones_,12,Meses |      absMes + municipio_Estado + empresaID, data = data) ,,,,,,,,,,,,,,
Coefficients:,,,,,,,,,,,,,,,,,
                    Estimate Std. Error t value Pr(>|t|),,,,,,,,,,,,,,,,,
ejecuciones_,12,Meses   ,3.683,      ,3.408,  ,1.081,     ,0.28,,,,,,,,
DF:  ,82456, degrees of freedom,,,,,,,,,,,,,,,
Adjusted R-squared: ,0.9564, ,,,,,,,,,,,,,,,
Adjusted R-squared: ,0.03078, ,,,,,,,,,,,,,,,
,,,,,,,,,,,,,,,,,
,,,,,,,,,,,,,,,,,
,,,,,,,,,,,,,,,,,
Call: ,,,,,,,,,,,,,,,,,
   felm(formula = cantidad_ventas_month ~ ejecuciones_,12,Meses |      absMes + municipio_Estado + empresaID, data = data) ,,,,,,,,,,,,,,
Coefficients:,,,,,,,,,,,,,,,,,
                    Estimate Std. Error t value Pr(>|t|),,,,,,,,,,,,,,,,,
ejecuciones_,12,Meses    ,3.462,     ,11.744,   ,0.295,    ,0.768,,,,,,,,
DF:  ,82456, degrees of freedom,,,,,,,,,,,,,,,
Adjusted R-squared: ,0.9244, ,,,,,,,,,,,,,,,
Adjusted R-squared: ,0.03079, ,,,,,,,,,,,,,,,
,,,,,,,,,,,,,,,,,
,,,,,,,,,,,,,,,,,
,,,,,,,,,,,,,,,,,
Call: ,,,,,,,,,,,,,,,,,
   felm(formula = valor_ventas_netas_month ~ ejecuciones_,12,Meses |      absMes + municipio_Estado + empresaID, data = data) ,,,,,,,,,,,,,,
Coefficients:,,,,,,,,,,,,,,,,,
                    Estimate Std. Error t value Pr(>|t|),,,,,,,,,,,,,,,,,
ejecuciones_,12,Meses   ,3.841,      ,3.428,  ,1.121,    ,0.262,,,,,,,,
DF:  ,82456, degrees of freedom,,,,,,,,,,,,,,,
Adjusted R-squared: ,0.9561, ,,,,,,,,,,,,,,,
Adjusted R-squared: ,0.03078, ,,,,,,,,,,,,,,,
,,,,,,,,,,,,,,,,,
,,,,,,,,,,,,,,,,,
,,,,,,,,,,,,,,,,,
Call: ,,,,,,,,,,,,,,,,,
   felm(formula = personal_total_month ~ ejecuciones_,24,Meses | absMes +      municipio_Estado + empresaID, data = data) ,,,,,,,,,,,,,,
Coefficients:,,,,,,,,,,,,,,,,,
                     Estimate Std. Error t value Pr(>|t|)  ,,,,,,,,,,,,,,,,,
ejecuciones_,24,Meses ,0.005339,   ,0.002329,  ,2.292,   ,0.0219, *,,,,,,,
DF:  ,55668, degrees of freedom,,,,,,,,,,,,,,,
Adjusted R-squared: ,0.991, ,,,,,,,,,,,,,,,
Adjusted R-squared: ,0.0453, ,,,,,,,,,,,,,,,
,,,,,,,,,,,,,,,,,
,,,,,,,,,,,,,,,,,
,,,,,,,,,,,,,,,,,
Call: ,,,,,,,,,,,,,,,,,
   felm(formula = obreros_totales_month ~ ejecuciones_,24,Meses |      absMes + municipio_Estado + empresaID, data = data) ,,,,,,,,,,,,,,
Coefficients:,,,,,,,,,,,,,,,,,
                     Estimate Std. Error t value Pr(>|t|)   ,,,,,,,,,,,,,,,,,
ejecuciones_,24,Meses ,0.005813,   ,0.00205,  ,2.836,  ,0.00457, **,,,,,,,
DF:  ,55668, degrees of freedom,,,,,,,,,,,,,,,
Adjusted R-squared: ,0.9837, ,,,,,,,,,,,,,,,
Adjusted R-squared: ,0.04524, ,,,,,,,,,,,,,,,
,,,,,,,,,,,,,,,,,
,,,,,,,,,,,,,,,,,
,,,,,,,,,,,,,,,,,
Call: ,,,,,,,,,,,,,,,,,
   felm(formula = empleados_totales_month ~ ejecuciones_,24,Meses |      absMes + municipio_Estado + empresaID, data = data) ,,,,,,,,,,,,,,
Coefficients:,,,,,,,,,,,,,,,,,
                     Estimate Std. Error t value Pr(>|t|),,,,,,,,,,,,,,,,,
ejecuciones_,24,Meses ,0.0004743,  ,0.0008693,   ,0.546,    ,0.585,,,,,,,,
DF:  ,55668, degrees of freedom,,,,,,,,,,,,,,,
Adjusted R-squared: ,0.9947, ,,,,,,,,,,,,,,,
Adjusted R-squared: ,0.04539, ,,,,,,,,,,,,,,,
,,,,,,,,,,,,,,,,,
,,,,,,,,,,,,,,,,,
,,,,,,,,,,,,,,,,,
Call: ,,,,,,,,,,,,,,,,,
   felm(formula = horas_personal_total_month ~ ejecuciones_,24,Meses |      absMes + municipio_Estado + empresaID, data = data) ,,,,,,,,,,,,,,
Coefficients:,,,,,,,,,,,,,,,,,
                      Estimate Std. Error t value Pr(>|t|)  ,,,,,,,,,,,,,,,,,
ejecuciones_,24,Meses ,0.0012794,  ,0.0006811,  ,1.878,   ,0.0603, .,,,,,,,
DF:  ,55668, degrees of freedom,,,,,,,,,,,,,,,
Adjusted R-squared: ,0.9804, ,,,,,,,,,,,,,,,
Adjusted R-squared: ,0.04533, ,,,,,,,,,,,,,,,
,,,,,,,,,,,,,,,,,
,,,,,,,,,,,,,,,,,
,,,,,,,,,,,,,,,,,
Call: ,,,,,,,,,,,,,,,,,
   felm(formula = horas_obreros_month ~ ejecuciones_,24,Meses | absMes +      municipio_Estado + empresaID, data = data) ,,,,,,,,,,,,,,
Coefficients:,,,,,,,,,,,,,,,,,
                      Estimate Std. Error t value Pr(>|t|)  ,,,,,,,,,,,,,,,,,
ejecuciones_,24,Meses ,0.0012221,  ,0.0005518,  ,2.215,   ,0.0268, *,,,,,,,
DF:  ,55668, degrees of freedom,,,,,,,,,,,,,,,
Adjusted R-squared: ,0.9675, ,,,,,,,,,,,,,,,
Adjusted R-squared: ,0.0453, ,,,,,,,,,,,,,,,
,,,,,,,,,,,,,,,,,
,,,,,,,,,,,,,,,,,
,,,,,,,,,,,,,,,,,
Call: ,,,,,,,,,,,,,,,,,
   felm(formula = horas_empleados_month ~ ejecuciones_,24,Meses |      absMes + municipio_Estado + empresaID, data = data) ,,,,,,,,,,,,,,
Coefficients:,,,,,,,,,,,,,,,,,
                      Estimate Std. Error t value Pr(>|t|),,,,,,,,,,,,,,,,,
ejecuciones_,24,Meses ,5.73E+05,  ,2.70E+04,e,4,  ,0.212,    ,0.832,,,,,,
DF:  ,55668, degrees of freedom,,,,,,,,,,,,,,,
Adjusted R-squared: ,0.9891, ,,,,,,,,,,,,,,,
Adjusted R-squared: ,0.04539, ,,,,,,,,,,,,,,,
,,,,,,,,,,,,,,,,,
,,,,,,,,,,,,,,,,,
,,,,,,,,,,,,,,,,,
Call: ,,,,,,,,,,,,,,,,,
   felm(formula = remuneraciones_month ~ ejecuciones_,24,Meses | absMes +      municipio_Estado + empresaID, data = data) ,,,,,,,,,,,,,,
Coefficients:,,,,,,,,,,,,,,,,,
                    Estimate Std. Error t value Pr(>|t|),,,,,,,,,,,,,,,,,
ejecuciones_,24,Meses  ,0.1389,     ,0.1515,  ,0.917,    ,0.359,,,,,,,,
DF:  ,55668, degrees of freedom,,,,,,,,,,,,,,,
Adjusted R-squared: ,0.9343, ,,,,,,,,,,,,,,,
Adjusted R-squared: ,0.04538, ,,,,,,,,,,,,,,,
,,,,,,,,,,,,,,,,,
,,,,,,,,,,,,,,,,,
,,,,,,,,,,,,,,,,,
Call: ,,,,,,,,,,,,,,,,,
   felm(formula = salario_obreros_month ~ ejecuciones_,24,Meses |      absMes + municipio_Estado + empresaID, data = data) ,,,,,,,,,,,,,,
Coefficients:,,,,,,,,,,,,,,,,,
                    Estimate Std. Error t value Pr(>|t|),,,,,,,,,,,,,,,,,
ejecuciones_,24,Meses ,0.061,    ,0.06783,  ,0.899,    ,0.369,,,,,,,,
DF:  ,55668, degrees of freedom,,,,,,,,,,,,,,,
Adjusted R-squared: ,0.868, ,,,,,,,,,,,,,,,
Adjusted R-squared: ,0.04538, ,,,,,,,,,,,,,,,
,,,,,,,,,,,,,,,,,
,,,,,,,,,,,,,,,,,
,,,,,,,,,,,,,,,,,
Call: ,,,,,,,,,,,,,,,,,
   felm(formula = salario_empleados_month ~ ejecuciones_,24,Meses |      absMes + municipio_Estado + empresaID, data = data) ,,,,,,,,,,,,,,
Coefficients:,,,,,,,,,,,,,,,,,
                    Estimate Std. Error t value Pr(>|t|),,,,,,,,,,,,,,,,,
ejecuciones_,24,Meses ,0.07658,    ,0.0816,  ,0.939,    ,0.348,,,,,,,,
DF:  ,55668, degrees of freedom,,,,,,,,,,,,,,,
Adjusted R-squared: ,0.8833, ,,,,,,,,,,,,,,,
Adjusted R-squared: ,0.04538, ,,,,,,,,,,,,,,,
,,,,,,,,,,,,,,,,,
,,,,,,,,,,,,,,,,,
,,,,,,,,,,,,,,,,,
Call: ,,,,,,,,,,,,,,,,,
   felm(formula = cantidad_produccion_month ~ ejecuciones_,24,Meses |      absMes + municipio_Estado + empresaID, data = data) ,,,,,,,,,,,,,,
Coefficients:,,,,,,,,,,,,,,,,,
                    Estimate Std. Error t value Pr(>|t|),,,,,,,,,,,,,,,,,
ejecuciones_,24,Meses   ,5.295,      ,9.223,  ,0.574,    ,0.566,,,,,,,,
DF:  ,55644, degrees of freedom,,,,,,,,,,,,,,,
Adjusted R-squared: ,0.9376, ,,,,,,,,,,,,,,,
Adjusted R-squared: ,0.04541, ,,,,,,,,,,,,,,,
,,,,,,,,,,,,,,,,,
,,,,,,,,,,,,,,,,,
,,,,,,,,,,,,,,,,,
Call: ,,,,,,,,,,,,,,,,,
   felm(formula = valor_produccion_month ~ ejecuciones_,24,Meses |      absMes + municipio_Estado + empresaID, data = data) ,,,,,,,,,,,,,,
Coefficients:,,,,,,,,,,,,,,,,,
                    Estimate Std. Error t value Pr(>|t|),,,,,,,,,,,,,,,,,
ejecuciones_,24,Meses   ,3.023,      ,3.317,  ,0.911,    ,0.362,,,,,,,,
DF:  ,55644, degrees of freedom,,,,,,,,,,,,,,,
Adjusted R-squared: ,0.954, ,,,,,,,,,,,,,,,
Adjusted R-squared: ,0.0454, ,,,,,,,,,,,,,,,
,,,,,,,,,,,,,,,,,
,,,,,,,,,,,,,,,,,
,,,,,,,,,,,,,,,,,
Call: ,,,,,,,,,,,,,,,,,
   felm(formula = cantidad_ventas_month ~ ejecuciones_,24,Meses |      absMes + municipio_Estado + empresaID, data = data) ,,,,,,,,,,,,,,
Coefficients:,,,,,,,,,,,,,,,,,
                    Estimate Std. Error t value Pr(>|t|),,,,,,,,,,,,,,,,,
ejecuciones_,24,Meses   ,4.276,      ,9.179,  ,0.466,    ,0.641,,,,,,,,
DF:  ,55644, degrees of freedom,,,,,,,,,,,,,,,
Adjusted R-squared: ,0.9382, ,,,,,,,,,,,,,,,
Adjusted R-squared: ,0.04541, ,,,,,,,,,,,,,,,
,,,,,,,,,,,,,,,,,
,,,,,,,,,,,,,,,,,
,,,,,,,,,,,,,,,,,
Call: ,,,,,,,,,,,,,,,,,
   felm(formula = valor_ventas_netas_month ~ ejecuciones_,24,Meses |      absMes + municipio_Estado + empresaID, data = data) ,,,,,,,,,,,,,,
Coefficients:,,,,,,,,,,,,,,,,,
                    Estimate Std. Error t value Pr(>|t|),,,,,,,,,,,,,,,,,
ejecuciones_,24,Meses   ,3.251,      ,3.335,  ,0.975,     ,0.33,,,,,,,,
DF:  ,55644, degrees of freedom,,,,,,,,,,,,,,,
Adjusted R-squared: ,0.9535, ,,,,,,,,,,,,,,,
Adjusted R-squared: ,0.0454, ,,,,,,,,,,,,,,,
